"CID","SITE","SEX","AGE","CHILDREN","FORMALED","MAT1","DG.DISTANT2","Y"
1011,"Cachoeira",1,25,2,9,1,0,0
1022,"Cachoeira",1,54,6,8,1,2,2
1027,"Cachoeira",0,46,3,8,1,3,3
1029,"Cachoeira",0,30,3,17,1,3,3
1030,"Cachoeira",1,48,4,8,1,5,5
1049,"Cachoeira",0,20,1,6,1,5,5
1065,"Cachoeira",1,38,1,11,1,6,6
1066,"Cachoeira",0,36,1,12,1,6,6
1088,"Cachoeira",0,45,2,1,1,4,4
1089,"Cachoeira",0,35,3,6,0,3,3
1090,"Cachoeira",0,30,2,8,1,3,3
1092,"Cachoeira",0,30,2,8,1,4,4
1093,"Cachoeira",0,41,2,12,1,3,3
1094,"Cachoeira",0,59,1,5,1,3,3
1095,"Cachoeira",0,60,4,6,1,5,5
1096,"Cachoeira",0,33,3,10,1,4,4
1097,"Cachoeira",0,40,3,12,1,3,3
1098,"Cachoeira",1,21,0,17,1,4,4
1099,"Cachoeira",1,33,0,2,1,3,3
1100,"Cachoeira",0,31,1,10,1,2,2
1101,"Cachoeira",1,46,0,3,1,0,0
1102,"Cachoeira",1,48,2,7,1,2,2
1103,"Cachoeira",0,39,8,5,1,6,6
1104,"Cachoeira",0,40,5,17,1,0,0
1105,"Cachoeira",0,30,1,7,1,5,5
1106,"Cachoeira",0,20,0,11,1,4,4
1107,"Cachoeira",0,46,0,5,1,5,5
1108,"Cachoeira",1,40,1,6,1,5,5
1109,"Cachoeira",1,35,0,17,0,5,5
1111,"Cachoeira",1,37,1,7,1,1,1
1112,"Cachoeira",1,38,0,5,1,7,7
1113,"Cachoeira",0,21,0,8,1,3,3
1114,"Cachoeira",1,28,0,3,1,5,5
1115,"Cachoeira",0,19,0,7,1,5,5
1116,"Cachoeira",0,28,0,9,1,3,3
1117,"Cachoeira",NA,22,0,17,1,0,0
1118,"Cachoeira",0,42,2,5,1,4,4
1119,"Cachoeira",0,42,3,5,1,4,4
1120,"Cachoeira",1,42,NA,17,0,0,0
1121,"Cachoeira",1,38,1,11,1,2,2
1122,"Cachoeira",1,32,1,17,0,0,0
1123,"Cachoeira",0,66,4,0,1,4,4
1124,"Cachoeira",0,40,3,5,1,5,5
1125,"Cachoeira",1,18,0,8,1,3,3
1126,"Cachoeira",0,58,0,2,1,5,5
1127,"Cachoeira",0,45,2,11,1,4,4
1129,"Cachoeira",0,18,0,11,1,4,4
1130,"Cachoeira",0,43,4,5,1,1,1
1131,"Cachoeira",0,35,2,17,1,3,3
1132,"Cachoeira",0,22,1,10,1,5,5
1133,"Cachoeira",0,67,4,3,1,4,4
1134,"Cachoeira",0,34,2,11,1,3,3
1135,"Cachoeira",0,30,2,9,1,5,5
1136,"Cachoeira",1,36,0,6,1,4,4
1137,"Cachoeira",0,18,1,8,1,5,5
1139,"Cachoeira",0,43,7,5,1,0,0
1140,"Cachoeira",0,44,1,5,1,2,2
1141,"Cachoeira",0,29,0,7,1,0,0
1142,"Cachoeira",0,39,1,11,1,2,2
1143,"Cachoeira",0,53,5,5,1,0,0
1144,"Cachoeira",0,25,1,8,1,0,0
1145,"Cachoeira",0,18,0,3,1,0,0
1146,"Cachoeira",0,38,4,17,1,2,2
1148,"Cachoeira",0,22,2,4,1,4,4
1149,"Cachoeira",0,38,1,11,1,5,5
1150,"Cachoeira",0,31,2,10,1,2,2
1151,"Cachoeira",0,32,3,8,1,4,4
1152,"Cachoeira",0,22,2,8,1,5,5
1153,"Cachoeira",0,48,3,7,1,0,0
1154,"Cachoeira",0,20,0,9,1,0,0
1155,"Cachoeira",0,30,0,17,1,1,1
1156,"Cachoeira",1,26,1,8,1,4,4
1157,"Cachoeira",0,29,NA,17,1,3,3
1158,"Cachoeira",1,31,0,8,1,4,4
1159,"Cachoeira",1,29,1,5,1,4,4
1160,"Cachoeira",1,35,2,6,1,3,3
1161,"Cachoeira",1,37,5,6,1,5,5
1162,"Cachoeira",0,22,0,9,1,4,4
1163,"Cachoeira",0,46,4,4,1,6,6
1164,"Cachoeira",1,32,0,11,1,3,3
1165,"Cachoeira",1,28,1,7,1,3,3
1166,"Cachoeira",0,18,1,10,1,5,5
1167,"Cachoeira",0,29,2,17,1,5,5
1168,"Cachoeira",1,46,4,6,1,1,1
1169,"Cachoeira",1,33,0,4,1,2,2
1170,"Cachoeira",0,40,2,17,1,3,3
1172,"Cachoeira",1,39,2,4,1,2,2
1173,"Cachoeira",1,50,4,9,1,8,8
1174,"Cachoeira",0,39,3,8,1,0,0
1175,"Cachoeira",0,43,7,15,1,0,0
1176,"Cachoeira",1,28,1,7,1,4,4
1177,"Cachoeira",0,47,3,6,1,0,0
1178,"Cachoeira",0,23,1,9,1,2,2
1180,"Cachoeira",1,33,3,10,1,4,4
1181,"Cachoeira",0,45,1,6,1,5,5
1182,"Cachoeira",0,24,2,8,1,0,0
1183,"Cachoeira",0,52,2,8,1,0,0
1184,"Cachoeira",NA,19,1,9,1,2,2
1186,"Cachoeira",0,32,1,9,1,5,5
1187,"Cachoeira",0,71,8,2,1,10,10
1188,"Cachoeira",1,58,3,8,1,2,2
1189,"Cachoeira",0,29,2,11,0,6,6
1190,"Cachoeira",0,38,5,4,1,3,3
1191,"Cachoeira",0,56,6,4,1,4,4
1192,"Cachoeira",0,43,0,6,1,0,0
1193,"Cachoeira",0,52,3,4,1,4,4
1194,"Cachoeira",0,29,4,11,1,4,4
1195,"Cachoeira",1,41,3,5,1,0,0
1196,"Cachoeira",1,28,0,11,1,1,1
1197,"Cachoeira",0,26,1,9,1,2,2
1198,"Cachoeira",0,53,3,7,1,0,0
1199,"Cachoeira",0,27,2,5,1,0,0
1201,"Cachoeira",1,19,1,10,1,0,0
1202,"Cachoeira",0,47,3,4,1,4,4
1203,"Cachoeira",0,36,0,10,1,8,8
1204,"Cachoeira",0,56,7,11,1,4,4
1205,"Cachoeira",0,30,4,8,1,0,0
1206,"Cachoeira",1,32,3,8,1,4,4
1207,"Cachoeira",0,44,0,20,1,0,0
1208,"Cachoeira",0,32,2,11,1,2,2
1209,"Cachoeira",0,75,2,0,1,5,5
1212,"Cachoeira",0,45,2,5,1,1,1
1213,"Cachoeira",1,48,5,4,1,5,5
1215,"Cachoeira",0,26,2,17,1,3,3
1216,"Cachoeira",0,55,6,11,1,1,1
1217,"Cachoeira",0,23,0,17,1,0,0
1218,"Cachoeira",0,28,2,8,1,0,0
1219,"Cachoeira",0,20,NA,8,1,0,0
1220,"Cachoeira",1,47,2,5,1,2,2
1221,"Cachoeira",0,20,0,9,1,1,1
1222,"Cachoeira",0,32,4,3,1,5,5
1223,"Cachoeira",1,20,NA,2,0,5,5
1224,"Cachoeira",0,23,1,11,1,1,1
1225,"Cachoeira",1,22,NA,11,1,7,7
1226,"Cachoeira",1,47,10,6,1,1,1
1227,"Cachoeira",0,37,2,6,1,3,3
1228,"Cachoeira",0,30,2,11,1,1,1
1229,"Cachoeira",0,23,2,11,1,2,2
1230,"Cachoeira",0,23,0,11,0,2,2
1231,"Cachoeira",0,27,1,8,1,1,1
1233,"Cachoeira",0,45,1,6,1,1,1
1234,"Cachoeira",NA,22,1,11,1,5,5
1235,"Cachoeira",0,28,0,9,1,4,4
1236,"Cachoeira",0,25,0,20,1,0,0
1237,"Cachoeira",0,48,3,8,1,5,5
1238,"Cachoeira",0,21,1,7,1,0,0
1239,"Cachoeira",0,44,3,9,1,1,1
1240,"Cachoeira",0,25,2,8,1,1,1
1241,"Cachoeira",0,20,0,11,0,0,0
1243,"Cachoeira",0,42,2,17,1,0,0
1244,"Cachoeira",0,34,4,6,1,6,6
1245,"Cachoeira",0,48,3,11,1,5,5
1246,"Cachoeira",1,28,NA,11,1,0,0
1247,"Cachoeira",1,54,0,5,1,0,0
1248,"Cachoeira",0,53,2,6,1,6,6
1249,"Cachoeira",1,26,1,10,1,2,2
1250,"Cachoeira",1,25,1,10,1,1,1
1251,"Cachoeira",NA,28,2,15,0,7,7
1252,"Cachoeira",0,29,4,6,1,2,2
1253,"Cachoeira",0,37,1,12,1,0,0
1254,"Cachoeira",0,19,1,8,1,3,3
1255,"Cachoeira",0,21,0,6,1,1,1
1256,"Cachoeira",0,18,1,8,1,0,0
1257,"Cachoeira",1,18,NA,10,1,0,0
1258,"Cachoeira",0,26,NA,11,1,2,2
1259,"Cachoeira",0,43,1,5,1,0,0
1260,"Cachoeira",1,25,1,4,0,1,1
1261,"Cachoeira",1,42,2,4,1,2,2
1262,"Cachoeira",1,49,1,7,1,4,4
1263,"Cachoeira",0,30,2,11,1,2,2
1264,"Cachoeira",0,19,0,9,1,1,1
1265,"Cachoeira",1,41,2,4,1,0,0
1266,"Cachoeira",1,27,1,11,0,3,3
1267,"Cachoeira",1,55,4,6,1,5,5
1268,"Cachoeira",1,64,9,10,1,0,0
1271,"Cachoeira",0,45,3,7,1,1,1
1272,"Cachoeira",1,43,2,20,1,6,6
1273,"Cachoeira",NA,30,2,12,1,0,0
24,"Co.Tanna",0,22,3,9,0,4,4
25,"Co.Tanna",0,26,2,6,0,3,3
26,"Co.Tanna",0,36,5,6,0,4,4
27,"Co.Tanna",0,18,0,12,0,5,5
28,"Co.Tanna",0,32,3,10,0,5,5
29,"Co.Tanna",0,35,4,6,1,5,5
30,"Co.Tanna",0,50,3,6,0,7,7
31,"Co.Tanna",0,37,4,10,0,5,5
32,"Co.Tanna",0,64,5,0,0,3,3
33,"Co.Tanna",0,24,2,10,0,5,5
34,"Co.Tanna",0,25,1,14,0,0,0
35,"Co.Tanna",0,30,4,14,0,5,5
36,"Co.Tanna",0,21,0,11,1,4,4
37,"Co.Tanna",0,32,3,6,1,2,2
38,"Co.Tanna",0,65,3,0,0,5,5
39,"Co.Tanna",0,28,2,12,0,5,5
40,"Co.Tanna",0,26,3,10,1,5,5
41,"Co.Tanna",0,50,6,7,0,2,2
42,"Co.Tanna",0,56,7,0,1,5,5
43,"Co.Tanna",0,47,1,0,0,5,5
44,"Co.Tanna",0,23,2,5,1,4,4
45,"Co.Tanna",0,26,1,13,0,5,5
46,"Co.Tanna",0,35,3,6,0,5,5
47,"Co.Tanna",0,23,2,9,0,5,5
48,"Co.Tanna",0,22,1,16,0,1,1
49,"Co.Tanna",0,23,1,17,0,5,5
50,"Co.Tanna",0,45,5,6,1,4,4
51,"Co.Tanna",0,47,5,9,0,5,5
52,"Co.Tanna",0,50,6,6,0,0,0
53,"Co.Tanna",0,60,4,6,1,5,5
54,"Co.Tanna",0,20,0,6,0,3,3
55,"Co.Tanna",0,19,1,10,1,6,6
56,"Co.Tanna",0,23,2,12,0,5,5
57,"Co.Tanna",0,27,1,12,0,4,4
58,"Co.Tanna",0,29,4,10,0,5,5
59,"Co.Tanna",0,20,1,13,0,10,10
60,"Co.Tanna",0,26,2,12,0,9,9
61,"Co.Tanna",0,60,5,4,0,6,6
62,"Co.Tanna",0,21,1,9,0,5,5
63,"Co.Tanna",0,25,1,3,0,6,6
64,"Co.Tanna",0,55,5,0,1,5,5
65,"Co.Tanna",0,19,0,0,0,5,5
66,"Co.Tanna",0,38,4,4,0,9,9
67,"Co.Tanna",0,19,0,11,1,0,0
68,"Co.Tanna",0,33,4,8,0,5,5
69,"Co.Tanna",0,38,4,10,0,1,1
70,"Co.Tanna",0,40,6,6,0,3,3
71,"Co.Tanna",0,39,4,5,0,6,6
72,"Co.Tanna",0,28,4,0,0,7,7
73,"Co.Tanna",0,37,4,9,0,5,5
74,"Co.Tanna",0,45,6,5,0,3,3
75,"Co.Tanna",0,27,5,6,0,0,0
76,"Co.Tanna",0,53,5,3,0,5,5
77,"Co.Tanna",0,19,0,5,0,6,6
78,"Co.Tanna",0,23,1,6,0,4,4
79,"Co.Tanna",0,42,6,6,1,4,4
80,"Co.Tanna",0,29,3,10,1,5,5
81,"Co.Tanna",0,70,5,0,0,5,5
82,"Co.Tanna",0,42,5,6,1,5,5
83,"Co.Tanna",0,23,1,5,0,0,0
84,"Co.Tanna",0,32,5,7,0,4,4
85,"Co.Tanna",0,62,6,0,0,5,5
86,"Co.Tanna",0,23,0,14,1,7,7
87,"Co.Tanna",0,19,0,13,0,0,0
88,"Co.Tanna",0,22,1,12,0,2,2
89,"Co.Tanna",0,26,2,14,0,1,1
90,"Co.Tanna",0,51,2,6,0,5,5
112,"Co.Tanna",1,39,4,10,0,5,5
113,"Co.Tanna",1,54,3,8,0,0,0
114,"Co.Tanna",1,35,5,9,1,5,5
115,"Co.Tanna",1,69,8,0,0,4,4
116,"Co.Tanna",1,35,2,6,0,2,2
117,"Co.Tanna",1,20,0,15,0,5,5
118,"Co.Tanna",1,25,2,12,1,5,5
119,"Co.Tanna",1,35,3,11,0,4,4
120,"Co.Tanna",1,29,3,6,1,4,4
121,"Co.Tanna",1,58,4,0,1,5,5
122,"Co.Tanna",1,30,2,6,0,0,0
123,"Co.Tanna",1,62,3,6,0,5,5
125,"Co.Tanna",1,24,0,10,0,4,4
126,"Co.Tanna",1,23,0,8,0,3,3
127,"Co.Tanna",1,25,0,5,0,5,5
128,"Co.Tanna",1,25,2,5,1,0,0
129,"Co.Tanna",1,44,2,6,0,5,5
130,"Co.Tanna",1,22,1,10,0,5,5
131,"Co.Tanna",1,26,1,3,0,6,6
132,"Co.Tanna",1,24,0,8,0,5,5
133,"Co.Tanna",1,47,4,1,1,5,5
134,"Co.Tanna",1,60,7,3,1,4,4
135,"Co.Tanna",1,32,3,9,0,5,5
136,"Co.Tanna",1,61,5,3,0,6,6
137,"Co.Tanna",1,31,1,10,0,5,5
138,"Co.Tanna",1,27,1,12,0,5,5
139,"Co.Tanna",1,55,6,1,1,5,5
140,"Co.Tanna",1,30,2,6,0,3,3
141,"Co.Tanna",1,24,0,13,0,5,5
142,"Co.Tanna",1,21,1,10,0,7,7
143,"Co.Tanna",1,22,0,13,0,5,5
144,"Co.Tanna",1,56,5,12,0,10,10
145,"Co.Tanna",1,57,5,8,0,9,9
146,"Co.Tanna",1,28,1,10,0,5,5
147,"Co.Tanna",1,40,4,14,0,6,6
148,"Co.Tanna",1,40,3,13,0,5,5
149,"Co.Tanna",1,19,0,11,0,6,6
150,"Co.Tanna",1,44,5,3,0,0,0
151,"Co.Tanna",1,30,3,0,0,5,5
152,"Co.Tanna",1,18,0,8,0,0,0
153,"Co.Tanna",1,19,0,4,0,0,0
154,"Co.Tanna",1,28,0,7,0,1,1
155,"Co.Tanna",1,37,5,3,0,0,0
156,"Co.Tanna",1,19,0,12,0,5,5
157,"Co.Tanna",1,20,0,13,0,2,2
158,"Co.Tanna",1,38,4,0,0,3,3
159,"Co.Tanna",1,38,3,6,0,0,0
160,"Co.Tanna",1,64,5,0,0,5,5
161,"Co.Tanna",1,18,0,12,0,4,4
162,"Co.Tanna",1,21,0,11,1,6,6
163,"Co.Tanna",1,26,1,10,0,5,5
164,"Co.Tanna",1,32,2,13,0,10,10
165,"Co.Tanna",1,34,3,12,0,0,0
166,"Co.Tanna",1,78,8,1,1,3,3
167,"Co.Tanna",1,60,7,6,0,2,2
168,"Co.Tanna",1,33,0,6,0,8,8
169,"Co.Tanna",1,18,0,13,1,5,5
170,"Co.Tanna",1,19,0,4,0,10,10
171,"Co.Tanna",1,50,3,6,0,5,5
172,"Co.Tanna",1,42,4,8,0,2,2
173,"Co.Tanna",1,27,0,20,0,5,5
174,"Co.Tanna",1,19,0,12,0,5,5
175,"Co.Tanna",1,45,3,12,0,10,10
176,"Co.Tanna",1,58,3,0,0,7,7
177,"Co.Tanna",1,24,1,9,0,6,6
178,"Co.Tanna",1,34,6,6,0,0,0
1719,"Hadza",0,40,NA,0,0,1,1
1720,"Hadza",0,38,3,0,0,1,1
1721,"Hadza",1,36,4,0,1,0,0
1722,"Hadza",0,37,4,0,0,0,0
1723,"Hadza",0,31,7,0,0,1,1
1724,"Hadza",1,26,2,4,0,0,0
1725,"Hadza",0,43,9,0,1,3,3
1726,"Hadza",0,43,3,0,0,3,3
1727,"Hadza",1,65,2,0,0,4,4
1729,"Hadza",0,51,2,0,0,0,0
1732,"Hadza",1,23,1,0,0,0,0
1733,"Hadza",0,41,5,0,1,0,0
1734,"Hadza",0,36,8,0,1,3,3
1735,"Hadza",0,19,3,0,1,1,1
1736,"Hadza",1,25,2,0,0,5,5
1737,"Hadza",1,65,5,0,1,0,0
1738,"Hadza",0,34,1,0,0,4,4
1739,"Hadza",0,58,3,0,0,0,0
1740,"Hadza",0,36,8,0,1,5,5
1741,"Hadza",0,18,2,0,0,4,4
1743,"Hadza",0,22,1,0,1,2,2
1744,"Hadza",1,46,7,6,0,0,0
1745,"Hadza",0,19,3,0,0,2,2
1746,"Hadza",1,27,2,0,1,4,4
1747,"Hadza",1,63,9,0,0,3,3
1748,"Hadza",0,25,0,0,0,1,1
1749,"Hadza",0,36,6,0,1,1,1
1750,"Hadza",0,40,0,0,0,0,0
1751,"Hadza",1,36,3,0,0,0,0
1752,"Hadza",1,32,4,3,1,3,3
1754,"Hadza",1,34,5,0,1,0,0
1757,"Hadza",1,35,0,0,0,4,4
1758,"Hadza",1,33,3,7,0,0,0
1760,"Hadza",0,40,2,0,0,2,2
1762,"Hadza",0,39,3,0,1,2,2
1763,"Hadza",0,31,7,0,1,2,2
1764,"Hadza",1,29,NA,0,0,0,0
1768,"Hadza",1,46,1,0,0,0,0
1769,"Hadza",0,50,5,0,1,0,0
1770,"Hadza",1,75,9,0,0,4,4
1771,"Hadza",0,69,5,0,1,4,4
1772,"Hadza",1,43,8,6,0,2,2
1773,"Hadza",1,58,7,1,0,3,3
1775,"Hadza",1,43,4,0,1,0,0
1776,"Hadza",1,41,7,0,1,1,1
1777,"Hadza",0,50,5,0,0,0,0
1778,"Hadza",1,33,5,0,0,3,3
1779,"Hadza",0,55,4,2,0,0,0
1781,"Hadza",0,40,9,0,0,0,0
1782,"Hadza",0,34,5,7,0,0,0
1783,"Hadza",1,20,0,7,0,4,4
1786,"Hadza",1,30,3,0,1,0,0
1788,"Hadza",1,33,2,7,0,2,2
1789,"Hadza",1,28,3,0,0,2,2
1790,"Hadza",0,44,2,0,0,2,2
1793,"Hadza",0,54,1,0,1,6,6
1794,"Hadza",0,38,7,0,1,0,0
1795,"Hadza",0,22,4,0,1,4,4
1796,"Hadza",1,53,2,0,1,1,1
1797,"Hadza",1,55,5,0,1,5,5
1798,"Hadza",1,53,7,6,0,2,2
1799,"Hadza",0,60,7,0,0,2,2
1800,"Hadza",1,65,3,0,0,1,1
1802,"Hadza",0,46,5,0,1,0,0
1803,"Hadza",0,24,6,0,1,0,0
1806,"Hadza",1,64,10,0,1,0,0
1807,"Hadza",1,43,8,0,0,4,4
1810,"Hadza",0,35,2,0,0,0,0
1811,"Hadza",0,30,2,0,1,0,0
1813,"Hadza",1,32,6,7,0,1,1
1814,"Hadza",1,26,0,0,0,0,0
1816,"Hadza",1,22,0,0,0,4,4
1817,"Hadza",1,48,5,0,1,2,2
1818,"Hadza",0,43,0,0,0,0,0
1819,"Hadza",1,29,7,7,1,2,2
1820,"Hadza",1,50,4,1,1,2,2
1821,"Hadza",1,61,4,2,1,2,2
1822,"Hadza",0,41,9,0,1,5,5
1823,"Hadza",1,26,1,0,0,3,3
1824,"Hadza",0,41,3,0,0,0,0
1825,"Hadza",0,38,5,0,1,1,1
1826,"Hadza",1,41,2,0,1,0,0
1828,"Hadza",0,51,8,0,1,0,0
1829,"Hadza",0,58,3,0,0,0,0
1830,"Hadza",1,36,2,0,1,0,0
1831,"Hadza",1,34,0,0,0,0,0
1832,"Hadza",0,59,2,0,0,3,3
1833,"Hadza",0,55,1,0,0,1,1
1834,"Hadza",0,38,4,0,0,2,2
1835,"Hadza",0,38,1,0,0,2,2
1836,"Hadza",1,60,5,2,1,3,3
1837,"Hadza",1,29,9,0,1,1,1
1838,"Hadza",1,59,9,3,1,5,5
1839,"Hadza",1,24,1,11,0,0,0
1841,"Hadza",1,40,3,2,0,2,2
1842,"Hadza",0,33,5,0,1,1,1
1843,"Hadza",1,57,2,11,0,2,2
1844,"Hadza",0,56,5,0,1,2,2
1845,"Hadza",0,47,2,1,1,1,1
1846,"Hadza",1,27,3,0,1,0,0
1848,"Hadza",0,28,4,4,0,4,4
1849,"Hadza",1,20,0,2,0,0,0
1850,"Hadza",0,42,2,7,0,3,3
1851,"Hadza",1,24,2,0,1,1,1
1852,"Hadza",0,58,1,0,0,1,1
1853,"Hadza",0,30,8,0,0,3,3
1855,"Hadza",0,30,4,0,1,0,0
1856,"Hadza",0,28,2,3,1,0,0
1858,"Hadza",1,31,5,0,0,0,0
1859,"Hadza",1,35,6,0,0,2,2
1862,"Hadza",0,62,4,0,0,3,3
1863,"Hadza",0,22,1,7,0,0,0
1864,"Hadza",1,46,9,7,1,1,1
1865,"Hadza",1,60,3,0,0,2,2
1866,"Hadza",1,48,5,0,1,1,1
1867,"Hadza",1,57,6,7,1,0,0
1868,"Hadza",1,32,0,0,1,1,1
1869,"Hadza",0,48,5,0,1,1,1
1870,"Hadza",1,25,1,11,0,1,1
1871,"Hadza",0,62,6,0,0,3,3
1872,"Hadza",1,47,7,0,0,0,0
1873,"Hadza",1,36,5,0,1,1,1
1874,"Hadza",1,67,2,0,0,2,2
1875,"Hadza",0,29,4,0,0,0,0
1879,"Hadza",1,61,8,0,1,1,1
1881,"Hadza",1,29,0,4,0,3,3
1882,"Hadza",0,21,0,0,0,0,0
1883,"Hadza",1,26,2,7,1,0,0
1884,"Hadza",0,25,1,0,0,0,0
1887,"Hadza",0,39,5,0,1,1,1
1888,"Hadza",1,42,0,7,1,0,0
1890,"Hadza",1,40,3,7,0,2,2
1892,"Hadza",1,22,1,0,0,2,2
1893,"Hadza",0,32,4,0,0,0,0
1894,"Hadza",0,35,1,0,1,0,0
1895,"Hadza",0,37,6,0,0,2,2
1896,"Hadza",0,24,2,7,0,0,0
1897,"Hadza",1,50,0,0,0,0,0
1898,"Hadza",0,25,3,7,0,0,0
1899,"Hadza",0,25,4,7,0,0,0
1901,"Hadza",0,42,7,0,0,0,0
1902,"Hadza",0,35,6,0,0,0,0
1903,"Hadza",0,50,2,0,1,1,1
1904,"Hadza",0,18,1,0,0,0,0
1905,"Hadza",0,36,5,0,0,0,0
1906,"Hadza",0,56,1,0,0,1,1
1907,"Hadza",1,25,1,0,0,3,3
1909,"Hadza",0,24,1,0,0,2,2
1910,"Hadza",0,27,1,7,0,0,0
1912,"Hadza",1,54,5,0,1,1,1
1913,"Hadza",1,57,1,7,1,0,0
1915,"Hadza",1,37,1,0,1,0,0
1916,"Hadza",1,39,2,2,1,2,2
1917,"Hadza",1,21,NA,9,0,0,0
1918,"Hadza",1,24,NA,0,0,0,0
1919,"Hadza",1,38,3,0,0,3,3
775,"Huatasani",0,18,0,11,1,2,2
776,"Huatasani",1,23,0,11,1,5,5
778,"Huatasani",1,41,2,11,0,5,5
779,"Huatasani",0,39,2,6,1,0,0
780,"Huatasani",1,18,0,11,0,5,5
781,"Huatasani",1,63,4,6,0,4,4
782,"Huatasani",1,29,3,14,1,1,1
783,"Huatasani",0,22,1,11,1,2,2
784,"Huatasani",0,28,2,11,1,2,2
785,"Huatasani",0,25,2,11,0,8,8
786,"Huatasani",1,38,4,11,0,10,10
787,"Huatasani",0,33,2,6,1,2,2
788,"Huatasani",1,21,0,11,0,5,5
789,"Huatasani",1,47,2,14,1,8,8
790,"Huatasani",0,50,2,5,1,5,5
791,"Huatasani",1,36,2,11,0,4,4
792,"Huatasani",0,26,2,11,0,5,5
793,"Huatasani",0,39,1,16,1,4,4
794,"Huatasani",1,63,8,5,1,4,4
795,"Huatasani",1,18,0,6,1,4,4
796,"Huatasani",1,80,5,7,0,5,5
797,"Huatasani",0,20,0,11,0,2,2
798,"Huatasani",0,58,8,0,1,5,5
799,"Huatasani",0,36,3,10,1,2,2
800,"Huatasani",1,35,3,11,1,0,0
801,"Huatasani",0,32,3,6,1,4,4
802,"Huatasani",1,18,0,11,0,5,5
803,"Huatasani",1,62,7,7,1,6,6
804,"Huatasani",0,26,3,11,0,1,1
805,"Huatasani",1,37,2,11,0,2,2
806,"Huatasani",1,24,0,11,0,5,5
807,"Huatasani",0,35,2,11,1,0,0
808,"Huatasani",0,25,1,11,1,4,4
809,"Huatasani",0,53,3,6,1,4,4
811,"Huatasani",0,34,1,11,1,6,6
812,"Huatasani",0,18,0,11,1,5,5
814,"Huatasani",1,33,2,13,1,5,5
815,"Huatasani",1,48,4,6,1,0,0
816,"Huatasani",0,53,3,6,1,5,5
818,"Huatasani",0,22,0,16,1,5,5
820,"Huatasani",1,26,1,11,1,3,3
821,"Huatasani",0,28,3,6,0,6,6
822,"Huatasani",0,33,1,10,1,4,4
823,"Huatasani",1,60,2,13,0,4,4
824,"Huatasani",1,28,0,11,0,2,2
825,"Huatasani",1,71,2,6,1,4,4
826,"Huatasani",1,35,1,13,1,4,4
827,"Huatasani",0,59,8,5,1,5,5
828,"Huatasani",0,59,3,11,1,5,5
829,"Huatasani",1,45,2,7,1,4,4
830,"Huatasani",0,49,3,3,1,5,5
831,"Huatasani",0,49,4,7,1,0,0
832,"Huatasani",0,NA,1,6,1,5,5
833,"Huatasani",0,38,2,6,1,4,4
834,"Huatasani",1,32,3,17,1,4,4
179,"In.Tanna",0,40,8,0,1,3,3
180,"In.Tanna",0,35,6,0,1,5,5
181,"In.Tanna",0,38,9,0,0,2,2
182,"In.Tanna",0,53,8,0,1,4,4
183,"In.Tanna",0,64,11,0,1,4,4
184,"In.Tanna",0,36,6,0,0,5,5
185,"In.Tanna",0,41,6,0,0,4,4
186,"In.Tanna",0,68,9,0,0,3,3
187,"In.Tanna",0,33,3,0,0,4,4
188,"In.Tanna",0,20,0,0,0,4,4
189,"In.Tanna",0,22,0,0,0,5,5
190,"In.Tanna",0,27,2,0,0,5,5
191,"In.Tanna",0,25,2,0,0,5,5
192,"In.Tanna",0,31,5,4,1,5,5
193,"In.Tanna",0,24,0,0,0,5,5
194,"In.Tanna",0,29,4,0,0,1,1
195,"In.Tanna",0,41,5,0,1,2,2
196,"In.Tanna",0,56,9,0,1,4,4
197,"In.Tanna",0,29,2,0,0,5,5
198,"In.Tanna",0,71,7,0,0,5,5
199,"In.Tanna",0,19,1,0,0,4,4
200,"In.Tanna",0,46,8,0,0,4,4
201,"In.Tanna",0,21,0,0,0,2,2
202,"In.Tanna",0,51,5,0,1,4,4
203,"In.Tanna",0,37,4,0,0,5,5
204,"In.Tanna",0,76,10,0,0,4,4
206,"In.Tanna",0,41,5,0,0,0,0
207,"In.Tanna",0,41,5,0,1,3,3
208,"In.Tanna",0,22,0,0,0,4,4
209,"In.Tanna",0,19,0,0,0,5,5
210,"In.Tanna",0,25,1,0,0,3,3
211,"In.Tanna",0,22,0,4,0,1,1
212,"In.Tanna",0,29,0,0,0,4,4
213,"In.Tanna",0,22,1,9,0,5,5
214,"In.Tanna",0,64,8,0,1,6,6
215,"In.Tanna",0,21,0,0,0,5,5
216,"In.Tanna",0,20,0,0,0,6,6
217,"In.Tanna",0,21,0,0,0,5,5
218,"In.Tanna",0,21,0,0,0,5,5
220,"In.Tanna",0,52,7,0,0,5,5
221,"In.Tanna",0,27,0,0,0,2,2
222,"In.Tanna",0,22,0,0,1,2,2
223,"In.Tanna",0,24,1,0,0,3,3
224,"In.Tanna",0,19,0,7,1,0,0
225,"In.Tanna",0,19,1,4,0,3,3
226,"In.Tanna",0,20,0,5,0,2,2
227,"In.Tanna",0,20,0,4,0,0,0
228,"In.Tanna",0,35,6,0,1,4,4
229,"In.Tanna",0,23,1,0,0,0,0
230,"In.Tanna",0,31,2,7,1,1,1
231,"In.Tanna",0,25,1,0,1,4,4
232,"In.Tanna",0,30,3,0,1,9,9
233,"In.Tanna",0,28,3,0,1,4,4
234,"In.Tanna",1,65,7,0,0,5,5
235,"In.Tanna",1,69,11,0,0,5,5
236,"In.Tanna",1,50,3,0,0,5,5
237,"In.Tanna",1,44,6,0,0,5,5
238,"In.Tanna",1,66,8,0,0,4,4
239,"In.Tanna",1,51,9,0,0,6,6
240,"In.Tanna",1,46,6,0,0,4,4
241,"In.Tanna",1,43,6,0,0,5,5
242,"In.Tanna",1,39,5,0,1,4,4
243,"In.Tanna",1,26,0,0,0,5,5
244,"In.Tanna",1,28,0,0,1,5,5
245,"In.Tanna",1,41,5,0,0,5,5
246,"In.Tanna",1,39,4,0,0,4,4
247,"In.Tanna",1,31,3,0,1,3,3
248,"In.Tanna",1,34,3,0,0,0,0
249,"In.Tanna",1,70,5,0,0,5,5
250,"In.Tanna",1,37,5,0,1,0,0
251,"In.Tanna",1,61,10,0,1,3,3
252,"In.Tanna",1,46,5,0,0,0,0
253,"In.Tanna",1,41,8,0,0,4,4
254,"In.Tanna",1,28,1,0,0,2,2
255,"In.Tanna",1,20,0,0,0,2,2
256,"In.Tanna",1,20,0,0,0,0,0
257,"In.Tanna",1,42,8,0,1,5,5
258,"In.Tanna",1,61,5,0,0,0,0
259,"In.Tanna",1,59,5,0,0,0,0
261,"In.Tanna",1,36,4,12,1,5,5
262,"In.Tanna",1,66,7,0,0,5,5
263,"In.Tanna",1,56,0,0,0,5,5
264,"In.Tanna",1,72,10,0,1,5,5
267,"In.Tanna",1,27,0,5,0,5,5
268,"In.Tanna",1,46,6,0,0,4,4
269,"In.Tanna",1,34,1,0,1,3,3
270,"In.Tanna",1,34,0,0,0,5,5
271,"In.Tanna",1,22,1,1,0,0,0
272,"In.Tanna",1,29,4,0,0,1,1
273,"In.Tanna",1,20,0,6,0,0,0
274,"In.Tanna",1,53,4,0,0,3,3
275,"In.Tanna",1,48,8,0,0,5,5
276,"In.Tanna",1,31,0,0,0,0,0
277,"In.Tanna",1,55,7,0,0,0,0
278,"In.Tanna",1,26,2,0,0,6,6
279,"In.Tanna",1,30,0,0,0,6,6
280,"In.Tanna",1,21,0,0,0,5,5
281,"In.Tanna",1,26,0,0,0,5,5
282,"In.Tanna",1,37,3,0,0,5,5
283,"In.Tanna",1,20,0,0,1,2,2
284,"In.Tanna",1,21,0,1,1,1,1
285,"In.Tanna",1,20,0,0,0,4,4
286,"In.Tanna",1,26,1,0,0,1,1
287,"In.Tanna",1,19,0,0,0,4,4
288,"In.Tanna",1,34,4,0,1,2,2
289,"In.Tanna",1,26,0,0,0,1,1
290,"In.Tanna",1,43,6,0,0,5,5
1274,"Kananga",0,53,6,8,1,7,7
1276,"Kananga",0,45,1,10,0,1,1
1277,"Kananga",1,35,5,12,1,1,1
1278,"Kananga",1,24,0,14,1,6,6
1280,"Kananga",0,22,5,6,1,3,3
1281,"Kananga",0,76,5,8,1,1,1
1282,"Kananga",0,35,2,12,1,2,2
1285,"Kananga",0,19,0,15,1,5,5
1286,"Kananga",1,50,9,12,1,5,5
1287,"Kananga",1,33,3,12,0,2,2
1288,"Kananga",0,39,7,6,1,5,5
1289,"Kananga",0,20,0,12,1,5,5
1292,"Kananga",1,51,11,10,1,5,5
1294,"Kananga",0,21,2,10,1,4,4
1295,"Kananga",0,75,6,1,1,0,0
1298,"Kananga",1,50,9,6,1,7,7
1299,"Kananga",0,36,5,6,1,5,5
1302,"Kananga",0,25,3,8,0,1,1
1305,"Kananga",0,23,0,12,0,4,4
1306,"Kananga",1,56,8,12,0,1,1
1308,"Kananga",0,34,1,10,1,5,5
1311,"Kananga",0,20,1,11,1,5,5
1312,"Kananga",0,65,0,4,1,5,5
1313,"Kananga",0,32,6,6,0,5,5
1314,"Kananga",0,25,3,6,1,6,6
1316,"Kananga",0,87,10,0,1,6,6
1320,"Kananga",1,36,2,15,1,4,4
1325,"Kananga",0,39,6,10,1,1,1
1327,"Kananga",1,29,3,12,1,2,2
1328,"Kananga",0,23,0,12,0,2,2
1329,"Kananga",0,27,3,13,1,5,5
1330,"Kananga",1,22,0,12,1,0,0
1332,"Kananga",0,22,1,10,1,5,5
1333,"Kananga",1,39,13,8,1,5,5
1334,"Kananga",0,38,4,8,1,6,6
1335,"Kananga",0,26,3,14,0,3,3
1337,"Kananga",0,43,6,6,1,5,5
1339,"Kananga",1,54,5,6,1,5,5
1342,"Kananga",0,55,6,10,1,5,5
1343,"Kananga",0,52,9,12,0,3,3
1346,"Kananga",1,33,4,19,1,5,5
1347,"Kananga",0,45,10,8,1,5,5
1348,"Kananga",0,47,9,6,1,0,0
1349,"Kananga",1,43,6,12,1,1,1
1351,"Kananga",1,31,4,8,1,5,5
1353,"Kananga",1,44,9,12,1,5,5
1354,"Kananga",0,42,7,6,1,5,5
1356,"Kananga",1,48,9,12,0,2,2
1358,"Kananga",0,26,5,10,1,2,2
1359,"Kananga",1,42,5,8,0,5,5
1360,"Kananga",0,45,7,8,0,2,2
1361,"Kananga",0,30,5,3,1,5,5
1362,"Kananga",1,35,2,9,1,2,2
1364,"Kananga",0,57,7,12,0,5,5
1368,"Kananga",1,30,2,9,1,1,1
1369,"Kananga",0,59,6,5,0,5,5
1371,"Kananga",0,35,3,7,1,6,6
1374,"Kananga",0,42,4,6,1,1,1
1378,"Kananga",0,32,4,10,0,1,1
1379,"Kananga",0,20,0,12,0,4,4
1380,"Kananga",1,44,8,11,1,3,3
1383,"Kananga",1,32,1,12,1,5,5
1384,"Kananga",0,33,8,6,1,5,5
1386,"Kananga",0,36,6,6,1,5,5
1389,"Kananga",1,28,0,14,1,1,1
1393,"Kananga",1,35,3,15,1,7,7
1394,"Kananga",0,35,9,8,1,6,6
1395,"Kananga",1,39,6,14,1,4,4
1397,"Kananga",0,29,5,7,1,5,5
1398,"Kananga",0,26,2,9,1,5,5
1403,"Kananga",1,74,6,7,1,5,5
1406,"Kananga",0,21,1,7,0,4,4
1407,"Kananga",0,19,1,9,1,8,8
1409,"Kananga",0,27,5,8,1,5,5
1410,"Kananga",1,45,2,10,1,5,5
1411,"Kananga",1,47,9,10,1,5,5
1414,"Kananga",1,54,8,10,1,6,6
1415,"Kananga",0,54,8,10,0,5,5
1417,"Kananga",1,51,7,15,0,0,0
1418,"Kananga",0,28,0,12,1,7,7
1420,"Kananga",1,49,10,12,1,5,5
1421,"Kananga",1,42,3,15,1,5,5
1422,"Kananga",0,62,10,6,1,2,2
1423,"Kananga",0,24,1,6,1,4,4
1427,"Kananga",0,34,3,15,1,2,2
1428,"Kananga",0,35,5,6,1,0,0
1429,"Kananga",0,28,3,10,1,5,5
1432,"Kananga",0,52,10,6,1,5,5
1587,"Mauritius",0,58,4,11,0,6,6
1588,"Mauritius",0,40,2,6,1,0,0
1589,"Mauritius",0,25,0,18,1,10,10
1590,"Mauritius",0,34,0,5,0,3,3
1591,"Mauritius",1,35,0,5,0,6,6
1592,"Mauritius",0,59,0,6,0,0,0
1593,"Mauritius",1,40,0,16,0,5,5
1594,"Mauritius",0,54,6,8,1,0,0
1595,"Mauritius",1,18,0,10,1,5,5
1596,"Mauritius",1,34,2,10,0,4,4
1597,"Mauritius",1,34,0,18,0,7,7
1598,"Mauritius",1,54,3,11,0,0,0
1599,"Mauritius",0,56,3,6,0,3,3
1600,"Mauritius",1,35,0,6,0,5,5
1601,"Mauritius",0,46,5,6,1,5,5
1602,"Mauritius",0,18,0,10,1,0,0
1603,"Mauritius",0,64,8,5,0,3,3
1604,"Mauritius",0,35,2,6,0,6,6
1605,"Mauritius",1,52,5,5,0,2,2
1606,"Mauritius",1,23,0,10,1,0,0
1607,"Mauritius",0,52,3,9,0,7,7
1608,"Mauritius",1,54,2,6,0,6,6
1609,"Mauritius",1,40,3,6,0,4,4
1610,"Mauritius",0,21,0,12,0,2,2
1611,"Mauritius",1,32,0,21,0,2,2
1612,"Mauritius",0,61,2,4,0,3,3
1613,"Mauritius",0,29,1,16,0,2,2
1614,"Mauritius",1,43,2,6,1,3,3
1615,"Mauritius",0,21,0,15,0,5,5
1616,"Mauritius",1,19,0,11,0,6,6
1617,"Mauritius",0,19,0,11,0,3,3
1618,"Mauritius",1,18,0,12,0,10,10
1619,"Mauritius",0,32,3,6,1,5,5
1620,"Mauritius",1,34,3,4,1,8,8
1621,"Mauritius",0,63,0,3,0,5,5
1622,"Mauritius",0,45,0,6,0,9,9
1623,"Mauritius",1,18,0,12,0,5,5
1624,"Mauritius",0,22,0,13,0,2,2
1625,"Mauritius",1,41,1,12,0,5,5
1626,"Mauritius",0,23,1,10,0,5,5
1627,"Mauritius",1,19,0,12,0,10,10
1628,"Mauritius",1,40,1,6,0,9,9
1629,"Mauritius",1,50,4,6,0,4,4
1630,"Mauritius",0,54,2,0,0,5,5
1631,"Mauritius",0,49,3,4,1,3,3
1632,"Mauritius",1,28,0,7,0,5,5
1633,"Mauritius",1,32,0,9,1,2,2
1634,"Mauritius",1,49,3,10,0,5,5
1635,"Mauritius",1,18,0,11,1,1,1
1636,"Mauritius",1,18,0,10,0,2,2
1637,"Mauritius",1,40,0,16,0,10,10
1638,"Mauritius",1,70,5,6,1,8,8
1639,"Mauritius",0,21,0,15,0,10,10
1640,"Mauritius",0,40,0,6,1,1,1
1641,"Mauritius",1,21,0,12,0,0,0
1642,"Mauritius",1,40,2,5,0,2,2
1643,"Mauritius",1,21,0,16,1,10,10
1644,"Mauritius",0,59,0,6,0,5,5
1645,"Mauritius",1,21,0,15,0,6,6
1646,"Mauritius",0,18,0,10,1,0,0
1647,"Mauritius",1,29,1,11,0,7,7
1648,"Mauritius",0,19,0,12,0,5,5
1649,"Mauritius",1,43,1,6,0,4,4
1650,"Mauritius",1,21,0,10,1,6,6
1651,"Mauritius",1,27,0,10,1,6,6
1652,"Mauritius",1,32,0,10,1,8,8
1653,"Mauritius",1,20,0,11,0,4,4
1654,"Mauritius",1,59,2,11,1,5,5
1655,"Mauritius",1,19,0,8,0,7,7
1656,"Mauritius",1,18,0,11,0,10,10
1657,"Mauritius",0,19,0,10,0,6,6
1658,"Mauritius",0,61,2,6,0,0,0
1659,"Mauritius",0,39,0,10,0,10,10
1660,"Mauritius",0,57,3,6,1,4,4
1661,"Mauritius",1,30,0,8,0,5,5
1662,"Mauritius",1,29,0,8,0,2,2
1663,"Mauritius",1,24,0,9,0,10,10
1664,"Mauritius",0,45,3,10,0,5,5
1665,"Mauritius",0,35,2,6,1,5,5
1666,"Mauritius",0,70,5,4,1,4,4
1667,"Mauritius",1,62,3,6,1,5,5
1668,"Mauritius",0,55,8,6,0,0,0
1669,"Mauritius",0,20,1,10,0,0,0
1670,"Mauritius",1,40,1,9,0,1,1
1671,"Mauritius",0,18,0,13,1,3,3
1672,"Mauritius",0,52,3,8,1,0,0
1673,"Mauritius",1,18,0,12,1,2,2
1674,"Mauritius",1,18,0,12,0,0,0
1675,"Mauritius",0,24,1,11,0,6,6
1677,"Mauritius",1,25,1,6,1,3,3
1678,"Mauritius",0,41,2,6,1,8,8
1679,"Mauritius",1,22,0,9,0,5,5
1680,"Mauritius",1,18,0,11,1,9,9
1681,"Mauritius",1,18,0,6,0,4,4
1682,"Mauritius",0,33,2,10,1,6,6
1683,"Mauritius",1,19,0,11,1,4,4
1684,"Mauritius",1,35,0,6,1,7,7
1685,"Mauritius",0,32,1,13,1,5,5
1686,"Mauritius",1,54,4,6,1,8,8
1687,"Mauritius",0,63,3,6,1,5,5
1688,"Mauritius",1,20,0,11,0,0,0
1689,"Mauritius",0,67,3,6,0,2,2
1690,"Mauritius",1,26,0,6,0,10,10
1691,"Mauritius",0,54,0,11,0,5,5
1692,"Mauritius",0,49,0,6,0,4,4
1693,"Mauritius",0,20,0,9,0,5,5
1694,"Mauritius",0,21,1,8,0,10,10
1695,"Mauritius",0,53,1,8,0,0,0
1696,"Mauritius",0,20,0,11,0,0,0
1697,"Mauritius",0,39,5,6,0,1,1
1698,"Mauritius",0,53,2,13,0,5,5
1699,"Mauritius",0,24,0,5,0,4,4
1700,"Mauritius",1,64,3,16,0,0,0
1701,"Mauritius",1,21,0,10,0,4,4
1702,"Mauritius",0,20,0,14,0,0,0
1703,"Mauritius",1,18,0,9,0,2,2
1704,"Mauritius",1,58,3,11,0,0,0
1705,"Mauritius",0,71,0,3,0,6,6
1706,"Mauritius",1,43,3,5,1,5,5
1707,"Mauritius",1,54,3,6,0,5,5
1708,"Mauritius",1,30,0,17,0,6,6
1709,"Mauritius",0,62,3,12,0,4,4
1710,"Mauritius",0,18,0,13,1,4,4
1711,"Mauritius",1,21,0,15,0,5,5
1712,"Mauritius",0,45,3,11,0,5,5
1713,"Mauritius",0,52,2,18,0,3,3
1714,"Mauritius",1,40,3,6,0,5,5
1715,"Mauritius",1,50,2,10,0,7,7
1716,"Mauritius",0,70,8,0,1,0,0
1717,"Mauritius",1,23,0,16,1,8,8
1718,"Mauritius",0,66,5,1,0,5,5
915,"Mysore",1,25,0,10,0,6,6
916,"Mysore",0,23,3,13,0,0,0
917,"Mysore",1,38,0,30,0,5,5
918,"Mysore",1,52,1,15,0,5,5
919,"Mysore",0,19,0,13,0,4,4
920,"Mysore",0,33,1,17,0,1,1
921,"Mysore",1,31,0,15,1,4,4
922,"Mysore",0,59,2,7,0,4,4
923,"Mysore",1,26,0,12,0,0,0
924,"Mysore",1,26,0,13,0,4,4
925,"Mysore",1,27,0,22,0,5,5
926,"Mysore",0,41,2,14,0,2,2
927,"Mysore",0,37,2,18,1,0,0
928,"Mysore",1,26,0,12,0,7,7
929,"Mysore",1,31,0,20,0,3,3
930,"Mysore",1,26,0,10,0,4,4
931,"Mysore",1,24,0,18,0,4,4
932,"Mysore",0,35,1,15,0,4,4
933,"Mysore",0,26,2,15,1,2,2
934,"Mysore",0,29,2,20,1,5,5
935,"Mysore",1,30,0,7,0,6,6
936,"Mysore",1,47,2,12,0,9,9
937,"Mysore",1,19,2,12,0,5,5
938,"Mysore",0,32,0,18,0,9,9
939,"Mysore",0,21,0,17,0,5,5
940,"Mysore",1,38,0,16,0,4,4
941,"Mysore",0,35,2,12,0,0,0
942,"Mysore",1,38,1,13,0,0,0
943,"Mysore",1,36,0,18,0,6,6
944,"Mysore",1,31,0,23,0,0,0
945,"Mysore",1,18,0,11,0,0,0
946,"Mysore",1,43,2,15,0,6,6
947,"Mysore",0,30,0,20,0,2,2
948,"Mysore",1,33,1,15,0,4,4
949,"Mysore",1,38,1,15,0,9,9
950,"Mysore",0,61,2,15,1,7,7
951,"Mysore",0,40,2,20,1,5,5
952,"Mysore",0,28,0,20,0,2,2
953,"Mysore",1,48,2,13,0,0,0
954,"Mysore",0,48,2,20,0,5,5
955,"Mysore",0,34,1,17,1,5,5
956,"Mysore",0,31,1,25,1,5,5
957,"Mysore",1,21,0,16,1,4,4
958,"Mysore",1,25,2,16,0,5,5
959,"Mysore",0,18,2,13,0,8,8
960,"Mysore",1,27,0,16,0,0,0
961,"Mysore",0,27,1,7,0,6,6
962,"Mysore",1,36,2,15,0,2,2
963,"Mysore",1,24,0,17,0,3,3
964,"Mysore",0,34,2,18,0,2,2
965,"Mysore",1,27,0,15,0,10,10
966,"Mysore",1,27,0,18,1,0,0
967,"Mysore",0,27,1,17,0,6,6
968,"Mysore",0,18,0,14,0,5,5
969,"Mysore",1,28,0,15,0,6,6
970,"Mysore",1,35,2,7,0,10,10
971,"Mysore",0,42,2,10,0,8,8
972,"Mysore",1,24,0,15,0,10,10
973,"Mysore",1,25,0,15,0,5,5
974,"Mysore",1,35,1,20,0,5,5
975,"Mysore",1,27,0,15,0,9,9
976,"Mysore",0,25,1,21,0,6,6
977,"Mysore",0,38,1,12,0,5,5
978,"Mysore",0,26,0,15,0,9,9
979,"Mysore",1,22,0,12,0,5,5
980,"Mysore",1,29,0,18,0,8,8
981,"Mysore",0,45,1,18,0,5,5
982,"Mysore",1,35,1,20,0,5,5
983,"Mysore",1,75,3,23,0,4,4
984,"Mysore",1,31,3,10,0,6,6
985,"Mysore",1,35,2,15,1,5,5
986,"Mysore",1,28,0,17,0,5,5
987,"Mysore",1,22,0,10,0,8,8
988,"Mysore",0,39,0,17,0,5,5
989,"Mysore",0,39,2,0,0,4,4
990,"Mysore",0,32,1,21,0,3,3
991,"Mysore",1,27,0,19,1,6,6
992,"Mysore",0,26,0,15,0,8,8
993,"Mysore",1,46,6,7,0,8,8
994,"Mysore",1,32,2,16,1,8,8
995,"Mysore",1,83,3,14,1,7,7
996,"Mysore",0,40,2,12,0,2,2
997,"Mysore",0,25,0,20,0,4,4
998,"Mysore",0,39,2,14,0,5,5
999,"Mysore",1,34,1,9,0,2,2
292,"Sursurunga",0,45,3,0,1,4,4
294,"Sursurunga",0,26,3,10,1,7,7
295,"Sursurunga",0,42,4,8,1,4,4
296,"Sursurunga",0,32,5,5,1,0,0
297,"Sursurunga",0,36,5,10,1,5,5
298,"Sursurunga",1,30,0,6,1,5,5
299,"Sursurunga",1,35,3,6,1,4,4
300,"Sursurunga",0,36,2,6,0,4,4
301,"Sursurunga",1,25,0,12,0,6,6
302,"Sursurunga",1,22,0,10,0,5,5
304,"Sursurunga",0,22,0,5,0,0,0
305,"Sursurunga",0,41,5,10,0,5,5
309,"Sursurunga",1,20,0,10,0,6,6
310,"Sursurunga",1,63,5,7,1,2,2
311,"Sursurunga",1,23,0,10,0,5,5
312,"Sursurunga",1,25,1,6,1,0,0
313,"Sursurunga",0,65,5,6,1,9,9
314,"Sursurunga",1,19,0,10,0,7,7
315,"Sursurunga",1,23,1,3,1,5,5
317,"Sursurunga",0,60,5,12,0,5,5
320,"Sursurunga",0,42,5,8,0,5,5
322,"Sursurunga",1,52,2,6,0,4,4
323,"Sursurunga",1,43,2,10,1,6,6
326,"Sursurunga",0,42,5,6,1,8,8
327,"Sursurunga",0,38,4,6,1,4,4
333,"Sursurunga",1,27,5,10,0,6,6
334,"Sursurunga",1,42,4,10,1,5,5
335,"Sursurunga",1,18,2,6,1,4,4
340,"Sursurunga",1,32,3,10,1,6,6
342,"Sursurunga",0,58,6,6,1,5,5
343,"Sursurunga",0,50,5,6,1,3,3
345,"Sursurunga",0,29,3,10,0,6,6
347,"Sursurunga",0,37,5,6,1,5,5
352,"Sursurunga",1,48,4,4,1,1,1
353,"Sursurunga",0,24,3,8,1,4,4
354,"Sursurunga",0,25,2,10,1,5,5
355,"Sursurunga",1,48,5,6,0,1,1
356,"Sursurunga",0,32,5,10,0,4,4
357,"Sursurunga",1,34,0,6,1,4,4
358,"Sursurunga",1,39,6,10,1,4,4
359,"Sursurunga",0,36,5,6,1,3,3
360,"Sursurunga",0,18,0,9,1,3,3
361,"Sursurunga",0,59,1,10,1,3,3
362,"Sursurunga",1,20,0,8,0,2,2
363,"Sursurunga",1,25,0,10,0,3,3
384,"Sursurunga",0,23,0,11,0,5,5
387,"Sursurunga",0,43,6,6,0,5,5
388,"Sursurunga",0,42,5,10,0,4,4
389,"Sursurunga",0,36,1,8,0,5,5
390,"Sursurunga",0,33,2,8,0,4,4
391,"Sursurunga",1,28,1,6,0,5,5
392,"Sursurunga",0,29,1,10,1,5,5
393,"Sursurunga",0,20,0,10,1,5,5
394,"Sursurunga",0,28,4,10,0,3,3
404,"Sursurunga",1,39,0,10,0,5,5
407,"Sursurunga",0,47,7,10,0,6,6
415,"Sursurunga",0,60,4,10,1,7,7
416,"Sursurunga",0,27,3,10,0,8,8
420,"Sursurunga",0,39,6,6,1,4,4
428,"Sursurunga",1,18,0,6,1,3,3
433,"Sursurunga",0,43,2,6,0,4,4
434,"Sursurunga",0,24,0,10,0,4,4
435,"Sursurunga",1,27,0,10,1,6,6
436,"Sursurunga",1,42,4,5,1,10,10
437,"Sursurunga",0,38,5,5,0,6,6
438,"Sursurunga",0,26,2,10,0,4,4
439,"Sursurunga",0,34,4,6,1,5,5
440,"Sursurunga",0,78,4,6,1,5,5
441,"Sursurunga",0,54,6,7,0,5,5
442,"Sursurunga",0,29,1,6,1,6,6
443,"Sursurunga",1,22,0,8,1,6,6
444,"Sursurunga",1,25,0,10,0,10,10
445,"Sursurunga",1,30,0,4,1,5,5
446,"Sursurunga",1,23,0,8,1,4,4
447,"Sursurunga",0,25,0,3,1,5,5
448,"Sursurunga",1,22,0,9,0,5,5
449,"Sursurunga",0,24,1,10,0,3,3
450,"Sursurunga",1,20,0,8,0,6,6
451,"Sursurunga",1,37,4,10,1,1,1
452,"Sursurunga",1,34,3,6,1,5,5
453,"Sursurunga",1,40,4,8,0,2,2
474,"Turkana",0,49,8,0,0,4,4
483,"Turkana",0,18,0,0,0,2,2
491,"Turkana",1,63,22,0,0,4,4
503,"Turkana",0,35,8,2,0,2,2
512,"Turkana",0,31,4,2,0,3,3
539,"Turkana",1,25,1,1,0,4,4
540,"Turkana",0,21,0,0,0,5,5
541,"Turkana",0,59,4,0,0,5,5
542,"Turkana",1,44,10,0,0,8,8
543,"Turkana",0,66,6,0,0,1,1
544,"Turkana",0,44,3,0,0,4,4
546,"Turkana",0,21,1,0,0,0,0
547,"Turkana",0,18,0,0,0,3,3
548,"Turkana",0,35,5,0,0,3,3
549,"Turkana",1,25,0,0,1,1,1
550,"Turkana",0,35,5,0,0,4,4
551,"Turkana",0,45,7,0,1,3,3
552,"Turkana",1,22,0,0,0,3,3
553,"Turkana",0,19,0,0,1,2,2
555,"Turkana",1,25,0,0,0,1,1
556,"Turkana",0,63,6,0,1,2,2
557,"Turkana",1,62,8,3,0,5,5
558,"Turkana",0,36,5,0,0,1,1
559,"Turkana",0,18,0,0,0,1,1
560,"Turkana",1,31,7,0,0,3,3
561,"Turkana",0,50,9,0,0,2,2
562,"Turkana",0,35,7,2,1,5,5
563,"Turkana",0,24,1,0,0,2,2
566,"Turkana",0,66,5,0,0,5,5
567,"Turkana",0,58,7,0,0,5,5
568,"Turkana",0,65,3,0,0,4,4
569,"Turkana",0,31,3,0,1,1,1
570,"Turkana",1,63,7,0,0,8,8
571,"Turkana",0,53,4,0,0,4,4
572,"Turkana",0,63,4,0,0,2,2
573,"Turkana",1,66,4,0,1,2,2
574,"Turkana",0,31,5,0,1,0,0
575,"Turkana",1,27,0,0,0,3,3
576,"Turkana",0,30,4,0,0,6,6
577,"Turkana",0,44,6,2,0,5,5
578,"Turkana",0,31,5,0,0,2,2
579,"Turkana",1,51,11,0,0,5,5
580,"Turkana",0,53,18,7,0,5,5
581,"Turkana",0,35,0,0,0,2,2
582,"Turkana",0,18,0,0,0,2,2
583,"Turkana",0,59,8,0,1,3,3
584,"Turkana",0,80,3,0,0,5,5
585,"Turkana",0,20,1,1,0,2,2
586,"Turkana",0,21,1,3,0,4,4
587,"Turkana",0,24,3,0,0,2,2
588,"Turkana",1,21,0,0,0,3,3
589,"Turkana",0,18,0,0,0,6,6
590,"Turkana",1,89,9,0,0,4,4
591,"Turkana",0,21,2,0,0,1,1
592,"Turkana",1,36,4,0,1,5,5
593,"Turkana",0,60,5,0,0,7,7
594,"Turkana",0,68,6,0,0,6,6
595,"Turkana",0,18,0,0,0,4,4
596,"Turkana",1,36,4,2,0,3,3
597,"Turkana",0,66,2,0,0,1,1
598,"Turkana",0,36,9,0,0,5,5
599,"Turkana",0,31,3,0,1,2,2
600,"Turkana",1,18,0,0,0,2,2
601,"Turkana",0,23,0,0,1,6,6
602,"Turkana",1,20,0,1,0,5,5
603,"Turkana",0,24,1,0,0,4,4
604,"Turkana",0,73,5,0,0,2,2
605,"Turkana",1,26,2,0,0,7,7
606,"Turkana",0,53,10,0,1,5,5
607,"Turkana",1,54,6,0,0,4,4
608,"Turkana",1,63,13,0,0,6,6
609,"Turkana",0,33,1,0,0,7,7
610,"Turkana",1,70,9,1,0,0,0
611,"Turkana",1,40,4,7,0,0,0
612,"Turkana",0,49,8,0,0,3,3
613,"Turkana",1,18,0,2,0,1,1
614,"Turkana",0,46,6,0,0,0,0
616,"Turkana",1,26,0,0,0,5,5
617,"Turkana",0,29,4,4,0,2,2
618,"Turkana",0,21,0,3,0,2,2
619,"Turkana",1,18,0,1,0,2,2
620,"Turkana",0,25,2,0,1,5,5
621,"Turkana",0,20,0,5,0,9,9
622,"Turkana",0,47,5,0,0,4,4
623,"Turkana",1,21,0,0,0,5,5
624,"Turkana",1,58,5,0,0,1,1
625,"Turkana",1,23,3,1,0,3,3
626,"Turkana",1,36,3,3,0,4,4
627,"Turkana",0,66,6,0,1,4,4
628,"Turkana",0,63,4,0,0,5,5
629,"Turkana",1,49,4,8,0,0,0
630,"Turkana",0,70,8,0,0,5,5
631,"Turkana",1,30,3,0,0,2,2
632,"Turkana",0,26,4,2,1,4,4
634,"Turkana",0,42,5,0,1,8,8
635,"Turkana",0,31,2,0,0,5,5
636,"Turkana",1,32,12,2,1,1,1
637,"Turkana",0,25,2,0,0,2,2
638,"Turkana",0,40,7,0,0,4,4
639,"Turkana",0,63,5,0,1,4,4
640,"Turkana",0,36,6,0,0,2,2
641,"Turkana",1,21,1,1,1,5,5
642,"Turkana",0,31,0,0,0,4,4
643,"Turkana",0,26,3,0,0,3,3
644,"Turkana",1,31,0,0,0,3,3
645,"Turkana",1,35,0,3,1,1,1
646,"Turkana",0,23,0,0,0,4,4
647,"Turkana",1,63,6,0,0,1,1
648,"Turkana",1,66,12,0,0,4,4
649,"Turkana",1,21,0,0,0,1,1
650,"Turkana",0,25,3,0,0,3,3
651,"Turkana",1,64,8,0,0,2,2
652,"Turkana",0,31,6,0,0,1,1
653,"Turkana",1,25,0,2,0,5,5
655,"Turkana",0,53,5,0,0,6,6
656,"Turkana",1,18,0,0,1,3,3
657,"Turkana",0,35,6,0,0,3,3
658,"Turkana",0,46,1,0,0,1,1
659,"Turkana",0,25,2,0,1,9,9
660,"Turkana",1,24,0,0,0,4,4
661,"Turkana",1,18,0,0,1,3,3
662,"Turkana",0,21,0,0,0,3,3
663,"Turkana",1,33,1,0,0,5,5
664,"Turkana",0,47,6,2,0,5,5
665,"Turkana",0,25,4,0,0,3,3
666,"Turkana",0,56,5,0,0,1,1
667,"Turkana",0,35,3,0,0,3,3
668,"Turkana",1,24,0,0,0,5,5
669,"Turkana",1,37,10,2,0,4,4
670,"Turkana",1,25,0,0,0,8,8
671,"Turkana",0,18,0,1,0,6,6
673,"Turkana",1,21,0,2,0,8,8
675,"Turkana",0,25,2,3,0,2,2
676,"Turkana",1,21,0,2,0,8,8
677,"Turkana",0,20,0,0,0,3,3
678,"Turkana",0,21,1,0,0,2,2
679,"Turkana",1,65,16,0,0,4,4
680,"Turkana",0,49,11,1,0,4,4
682,"Turkana",0,21,0,0,0,7,7
683,"Turkana",0,35,6,0,0,1,1
684,"Turkana",0,49,6,0,1,6,6
685,"Turkana",0,30,7,0,0,3,3
686,"Turkana",0,30,5,0,0,2,2
687,"Turkana",1,31,3,0,0,2,2
688,"Turkana",1,56,4,0,0,3,3
689,"Turkana",0,53,6,0,0,4,4
690,"Turkana",0,31,4,2,0,2,2
691,"Turkana",1,49,7,0,0,0,0
692,"Turkana",0,36,10,0,0,5,5
693,"Turkana",0,27,1,0,0,1,1
694,"Turkana",0,66,6,0,0,5,5
695,"Turkana",1,36,2,0,0,4,4
696,"Turkana",1,63,8,0,0,5,5
697,"Turkana",1,36,0,6,0,4,4
698,"Turkana",1,28,5,3,0,2,2
699,"Turkana",0,18,0,0,1,6,6
700,"Turkana",1,21,0,0,0,4,4
